date,idIBC,GI_name,kpi_id,KPI_name,unit,result,kpi_score,firmware_version
2017-01-19,270,GI#1,1,1_Start-up time,minutes,165.18333333333334,0,NA
2017-01-25,270,GI#1,1,1_Start-up time,minutes,42.1,0,NA
2017-01-26,270,GI#1,1,1_Start-up time,minutes,79.4,0,201701252
2017-01-26,270,GI#1,1,1_Start-up time,minutes,79.4,0,201701261
2017-01-30,270,GI#1,1,1_Start-up time,minutes,123.2,0,201701271
2017-01-31,270,GI#1,1,1_Start-up time,minutes,143.55,0,201701311
2017-02-01,270,GI#1,1,1_Start-up time,minutes,95.1,0,201701312
2017-02-01,270,GI#1,1,1_Start-up time,minutes,95.1,0,201702011
2017-02-01,270,GI#1,1,1_Start-up time,minutes,95.1,0,201702012
2017-02-02,270,GI#1,1,1_Start-up time,minutes,411.31666666666666,0,201702014
2017-02-03,270,GI#1,1,1_Start-up time,minutes,11.033333333333333,0,201702022
2017-02-08,270,GI#1,1,1_Start-up time,minutes,44.483333333333334,0,201702031
2017-02-10,270,GI#1,1,1_Start-up time,minutes,77.73333333333333,0,NA
2017-02-13,270,GI#1,1,1_Start-up time,minutes,70.08333333333333,0,NA
2017-02-14,270,GI#1,1,1_Start-up time,minutes,331.1166666666667,0,201702131
2017-02-15,270,GI#1,1,1_Start-up time,minutes,68.28333333333333,0,201702151
2017-02-16,270,GI#1,1,1_Start-up time,minutes,60.2,0,201702152
2017-02-17,270,GI#1,1,1_Start-up time,minutes,26.866666666666667,0,201702162
2017-02-28,270,GI#1,1,1_Start-up time,minutes,2.15,8,NA
2017-03-01,270,GI#1,1,1_Start-up time,minutes,35.35,0,201702283
2017-03-06,270,GI#1,1,1_Start-up time,minutes,127.68333333333334,0,201703061
2017-03-08,270,GI#1,1,1_Start-up time,minutes,69.01666666666667,0,201703071
2017-03-09,270,GI#1,1,1_Start-up time,minutes,69.23333333333333,0,201703071
2017-03-10,270,GI#1,1,1_Start-up time,minutes,60.75,0,201703071
2017-03-22,270,GI#1,1,1_Start-up time,minutes,83.31666666666666,0,201703201
2017-03-24,270,GI#1,1,1_Start-up time,minutes,179.41666666666666,0,NA
2017-03-27,270,GI#1,1,1_Start-up time,minutes,163.51666666666668,0,NA
2017-04-05,270,GI#1,1,1_Start-up time,minutes,263.9,0,201704052
2017-04-06,270,GI#1,1,1_Start-up time,minutes,17.3,0,201704061
2017-04-07,270,GI#1,1,1_Start-up time,minutes,77.73333333333333,0,201704071
2017-04-10,270,GI#1,1,1_Start-up time,minutes,66.6,0,201704071
2017-04-11,270,GI#1,1,1_Start-up time,minutes,14.916666666666666,0,201704071
2017-04-12,270,GI#1,1,1_Start-up time,minutes,10.6,0,201704111
2017-04-13,270,GI#1,1,1_Start-up time,minutes,192.51666666666668,0,201704121
2017-04-13,270,GI#1,1,1_Start-up time,minutes,192.51666666666668,0,201704131
2017-04-17,270,GI#1,1,1_Start-up time,minutes,12.516666666666667,0,201704133
2017-04-18,270,GI#1,1,1_Start-up time,minutes,15,0,201704171
2017-04-19,270,GI#1,1,1_Start-up time,minutes,16.95,0,201704181
2017-04-20,270,GI#1,1,1_Start-up time,minutes,16.716666666666665,0,201704191
2017-04-21,270,GI#1,1,1_Start-up time,minutes,22.666666666666668,0,201704201
2017-04-24,270,GI#1,1,1_Start-up time,minutes,15.95,0,201704201
2017-04-25,270,GI#1,1,1_Start-up time,minutes,108,0,201704201
2017-04-26,270,GI#1,1,1_Start-up time,minutes,12.35,0,201704201
2017-04-27,270,GI#1,1,1_Start-up time,minutes,235.65,0,201704261
2017-04-27,270,GI#1,1,1_Start-up time,minutes,235.65,0,201704272
2017-04-28,270,GI#1,1,1_Start-up time,minutes,9.116666666666667,1,201704273
2017-05-02,270,GI#1,1,1_Start-up time,minutes,137.21666666666667,0,201705011
2017-05-03,270,GI#1,1,1_Start-up time,minutes,36.266666666666666,0,NA
2017-05-04,270,GI#1,1,1_Start-up time,minutes,147.6,0,201705033
2017-05-04,270,GI#1,1,1_Start-up time,minutes,147.6,0,201705041
2017-05-05,270,GI#1,1,1_Start-up time,minutes,181.98333333333332,0,201705042
2017-05-08,270,GI#1,1,1_Start-up time,minutes,10.483333333333333,0,201705054
2017-05-08,273,GI#3,1,1_Start-up time,minutes,144.4,0,201705081
2017-05-08,273,GI#3,1,1_Start-up time,minutes,144.4,0,201705082
2017-05-09,270,GI#1,1,1_Start-up time,minutes,17.516666666666666,0,201705084
2017-05-09,273,GI#3,1,1_Start-up time,minutes,231.08333333333334,0,201705083
2017-05-10,273,GI#3,1,1_Start-up time,minutes,98.68333333333334,0,201705101
2017-05-10,273,GI#3,1,1_Start-up time,minutes,98.68333333333334,0,201705102
2017-05-12,270,GI#1,1,1_Start-up time,minutes,64.46666666666667,0,NA
2017-05-12,273,GI#3,1,1_Start-up time,minutes,27.8,0,201705104
2017-05-18,273,GI#3,1,1_Start-up time,minutes,73.51666666666667,0,201705181
2017-05-19,273,GI#3,1,1_Start-up time,minutes,100.31666666666666,0,201705183
2017-05-23,273,GI#3,1,1_Start-up time,minutes,5.25,5,201705223
2017-05-24,273,GI#3,1,1_Start-up time,minutes,9.466666666666667,1,201705231
2017-05-30,273,GI#3,1,1_Start-up time,minutes,179.31666666666666,0,201705251
2017-06-07,270,GI#1,1,1_Start-up time,minutes,268.8833333333333,0,NA
2017-06-08,270,GI#1,1,1_Start-up time,minutes,4.883333333333334,6,NA
2017-06-09,270,GI#1,1,1_Start-up time,minutes,7.316666666666666,3,201706081
2017-06-12,270,GI#1,1,1_Start-up time,minutes,3.933333333333333,7,201706092
2017-06-12,273,GI#3,1,1_Start-up time,minutes,3.7666666666666666,7,NA
2017-06-13,270,GI#1,1,1_Start-up time,minutes,6.3,4,201706092
2017-06-14,270,GI#1,1,1_Start-up time,minutes,4.783333333333333,6,201706131
2017-06-15,270,GI#1,1,1_Start-up time,minutes,7.5,3,201706142
2017-06-21,270,GI#1,1,1_Start-up time,minutes,38.1,0,201706161
2017-06-22,270,GI#1,1,1_Start-up time,minutes,6.25,4,201706211
2017-06-23,270,GI#1,1,1_Start-up time,minutes,77.55,0,201706221
2017-06-26,270,GI#1,1,1_Start-up time,minutes,11.716666666666667,0,201706231
2017-06-27,270,GI#1,1,1_Start-up time,minutes,20.25,0,201706261
2017-06-28,270,GI#1,1,1_Start-up time,minutes,3.2666666666666666,7,NA
2017-06-30,270,GI#1,1,1_Start-up time,minutes,10.633333333333333,0,201706271
2017-06-30,273,GI#3,1,1_Start-up time,minutes,0.5333333333333333,10,NA
2017-07-03,270,GI#1,1,1_Start-up time,minutes,6.666666666666667,4,201706271
2017-07-05,270,GI#1,1,1_Start-up time,minutes,9.383333333333333,1,201707031
2017-07-06,273,GI#3,1,1_Start-up time,minutes,99.2,0,201707031
2017-07-06,270,GI#1,1,1_Start-up time,minutes,7.4,3,201707031
2017-07-07,270,GI#1,1,1_Start-up time,minutes,196,0,201707061
2017-07-07,273,GI#3,1,1_Start-up time,minutes,149.7,0,201707031
2017-07-08,273,GI#3,1,1_Start-up time,minutes,127.45,0,201707031
2017-07-10,270,GI#1,1,1_Start-up time,minutes,193.68333333333334,0,201707081
2017-07-11,273,GI#3,1,1_Start-up time,minutes,164.18333333333334,0,201707031
2017-07-11,270,GI#1,1,1_Start-up time,minutes,5.616666666666666,5,201707101
2017-07-12,273,GI#3,1,1_Start-up time,minutes,355.85,0,201707031
2017-07-12,270,GI#1,1,1_Start-up time,minutes,8.1,2,201707111
2017-07-12,270,GI#1,1,1_Start-up time,minutes,8.1,2,201707121
2017-07-13,273,GI#3,1,1_Start-up time,minutes,148.38333333333333,0,201707031
2017-07-13,270,GI#1,1,1_Start-up time,minutes,4.483333333333333,6,201707122
2017-07-14,273,GI#3,1,1_Start-up time,minutes,115.51666666666667,0,201707031
2017-07-17,270,GI#1,1,1_Start-up time,minutes,6.383333333333334,4,201707132
2017-07-18,270,GI#1,1,1_Start-up time,minutes,5.483333333333333,5,201707171
2017-07-19,270,GI#1,1,1_Start-up time,minutes,5.35,5,201707181
2017-07-20,270,GI#1,1,1_Start-up time,minutes,6.3,4,201707181
2017-07-22,273,GI#3,1,1_Start-up time,minutes,102.08333333333333,0,NA
2017-07-24,273,GI#3,1,1_Start-up time,minutes,380.35,0,201707031
2017-07-25,273,GI#3,1,1_Start-up time,minutes,113.41666666666667,0,NA
2017-07-26,273,GI#3,1,1_Start-up time,minutes,85.16666666666667,0,201707031
2017-07-26,270,GI#1,1,1_Start-up time,minutes,0.8666666666666667,10,201707191
2017-07-27,273,GI#3,1,1_Start-up time,minutes,180.98333333333332,0,201707031
2017-07-28,273,GI#3,1,1_Start-up time,minutes,350.28333333333336,0,201707031
2017-07-29,273,GI#3,1,1_Start-up time,minutes,233.15,0,201707031
2017-07-31,273,GI#3,1,1_Start-up time,minutes,254.36666666666667,0,201707031
2017-08-02,273,GI#3,1,1_Start-up time,minutes,154.45,0,201707031
2017-08-07,270,GI#1,1,1_Start-up time,minutes,8.933333333333334,2,201708031
2017-08-09,270,GI#1,1,1_Start-up time,minutes,4.3,6,201708082
2017-08-10,270,GI#1,1,1_Start-up time,minutes,3.9833333333333334,7,201708091
2017-08-11,273,GI#3,1,1_Start-up time,minutes,6.083333333333333,4,201708031
2017-08-11,270,GI#1,1,1_Start-up time,minutes,4.883333333333334,6,201708091
2017-08-14,287,GI#4,1,1_Start-up time,minutes,7.5,3,201708082
2017-08-15,270,GI#1,1,1_Start-up time,minutes,3.9,7,201708091
2017-08-16,270,GI#1,1,1_Start-up time,minutes,4.566666666666666,6,201708091
2017-08-16,273,GI#3,1,1_Start-up time,minutes,3.1,7,201708082
2017-08-17,273,GI#3,1,1_Start-up time,minutes,5.05,5,201708082
2017-08-17,270,GI#1,1,1_Start-up time,minutes,4.283333333333333,6,201708161
2017-08-18,270,GI#1,1,1_Start-up time,minutes,4.433333333333334,6,201708171
2017-08-21,270,GI#1,1,1_Start-up time,minutes,5.85,5,201708171
2017-08-23,273,GI#3,1,1_Start-up time,minutes,9.616666666666667,1,201708082
2017-08-29,273,GI#3,1,1_Start-up time,minutes,9.633333333333333,1,NA
2017-09-08,270,GI#1,1,1_Start-up time,minutes,4.35,6,NA
2017-09-11,270,GI#1,1,1_Start-up time,minutes,11.466666666666667,0,201708171
2017-09-12,270,GI#1,1,1_Start-up time,minutes,11.533333333333333,0,201709111
2017-09-13,270,GI#1,1,1_Start-up time,minutes,9.083333333333334,1,201709111
2017-09-14,270,GI#1,1,1_Start-up time,minutes,4.3,6,201709111
2017-09-14,270,GI#1,1,1_Start-up time,minutes,4.3,6,201709141
2017-09-20,270,GI#1,1,1_Start-up time,minutes,8.116666666666667,2,201709151
2017-09-21,270,GI#1,1,1_Start-up time,minutes,6.666666666666667,4,201709201
2017-09-25,270,GI#1,1,1_Start-up time,minutes,4.333333333333333,6,201709221
2017-09-27,270,GI#1,1,1_Start-up time,minutes,6.4,4,201709221
2017-09-28,270,GI#1,1,1_Start-up time,minutes,5.4,5,201709221
2017-09-29,270,GI#1,1,1_Start-up time,minutes,5.3,5,NA
2017-10-02,270,GI#1,1,1_Start-up time,minutes,2.783333333333333,8,201709221
2017-10-04,270,GI#1,1,1_Start-up time,minutes,6.266666666666667,4,201710031
2017-10-05,270,GI#1,1,1_Start-up time,minutes,4.7,6,201710041
2017-10-06,270,GI#1,1,1_Start-up time,minutes,1.9833333333333334,9,201710051
2017-10-09,270,GI#1,1,1_Start-up time,minutes,3.433333333333333,7,201710051
2017-10-10,270,GI#1,1,1_Start-up time,minutes,1.95,9,201710051
2017-10-12,270,GI#1,1,1_Start-up time,minutes,1.9333333333333333,9,201710101
2017-10-16,270,GI#1,1,1_Start-up time,minutes,5.45,5,201710121
2017-01-19,270,GI#1,2,2_Water temperature,minutes,165.18333333333334,0,NA
2017-01-25,270,GI#1,2,2_Water temperature,minutes,72.08333333333333,5,NA
2017-01-26,270,GI#1,2,2_Water temperature,minutes,79.4,5,201701252
2017-01-26,270,GI#1,2,2_Water temperature,minutes,79.4,5,201701261
2017-01-30,270,GI#1,2,2_Water temperature,minutes,123.2,0,201701271
2017-01-31,270,GI#1,2,2_Water temperature,minutes,173.73333333333332,0,201701311
2017-02-01,270,GI#1,2,2_Water temperature,minutes,122.71666666666667,0,201701312
2017-02-01,270,GI#1,2,2_Water temperature,minutes,122.71666666666667,0,201702011
2017-02-01,270,GI#1,2,2_Water temperature,minutes,122.71666666666667,0,201702012
2017-02-02,270,GI#1,2,2_Water temperature,minutes,411.31666666666666,0,201702014
2017-02-03,270,GI#1,2,2_Water temperature,minutes,127.38333333333334,0,201702022
2017-02-08,270,GI#1,2,2_Water temperature,minutes,165.03333333333333,0,201702031
2017-02-10,270,GI#1,2,2_Water temperature,minutes,194.56666666666666,0,NA
2017-02-13,270,GI#1,2,2_Water temperature,minutes,78.08333333333333,5,NA
2017-02-14,270,GI#1,2,2_Water temperature,minutes,331.3,0,201702131
2017-02-15,270,GI#1,2,2_Water temperature,minutes,145.86666666666667,0,201702151
2017-02-16,270,GI#1,2,2_Water temperature,minutes,125.75,0,201702152
2017-02-17,270,GI#1,2,2_Water temperature,minutes,75.86666666666666,5,201702162
2017-03-01,270,GI#1,2,2_Water temperature,minutes,107.21666666666667,2,201702283
2017-03-06,270,GI#1,2,2_Water temperature,minutes,127.68333333333334,0,201703061
2017-03-08,270,GI#1,2,2_Water temperature,minutes,92.46666666666667,3,201703071
2017-03-09,270,GI#1,2,2_Water temperature,minutes,94.3,3,201703071
2017-03-10,270,GI#1,2,2_Water temperature,minutes,94.23333333333333,3,201703071
2017-03-22,270,GI#1,2,2_Water temperature,minutes,113.86666666666666,1,201703201
2017-03-24,270,GI#1,2,2_Water temperature,minutes,292.75,0,NA
2017-03-27,270,GI#1,2,2_Water temperature,minutes,163.51666666666668,0,NA
2017-04-05,270,GI#1,2,2_Water temperature,minutes,267.95,0,201704052
2017-04-06,270,GI#1,2,2_Water temperature,minutes,21.333333333333332,10,201704061
2017-04-07,270,GI#1,2,2_Water temperature,minutes,109.18333333333334,2,201704071
2017-04-10,270,GI#1,2,2_Water temperature,minutes,187.15,0,201704071
2017-04-13,270,GI#1,2,2_Water temperature,minutes,277.0833333333333,0,201704121
2017-04-13,270,GI#1,2,2_Water temperature,minutes,277.0833333333333,0,201704131
2017-04-19,270,GI#1,2,2_Water temperature,minutes,21,10,201704181
2017-04-20,270,GI#1,2,2_Water temperature,minutes,22.783333333333335,10,201704191
2017-04-21,270,GI#1,2,2_Water temperature,minutes,93.85,3,201704201
2017-04-24,270,GI#1,2,2_Water temperature,minutes,20.2,10,201704201
2017-04-25,270,GI#1,2,2_Water temperature,minutes,172.4,0,201704201
2017-04-26,270,GI#1,2,2_Water temperature,minutes,22.183333333333334,10,201704201
2017-04-27,270,GI#1,2,2_Water temperature,minutes,261.43333333333334,0,201704261
2017-04-27,270,GI#1,2,2_Water temperature,minutes,261.43333333333334,0,201704272
2017-04-28,270,GI#1,2,2_Water temperature,minutes,51.63333333333333,7,201704273
2017-05-02,270,GI#1,2,2_Water temperature,minutes,149.63333333333333,0,201705011
2017-05-03,270,GI#1,2,2_Water temperature,minutes,61.43333333333333,6,NA
2017-05-04,270,GI#1,2,2_Water temperature,minutes,170.4,0,201705033
2017-05-04,270,GI#1,2,2_Water temperature,minutes,170.4,0,201705041
2017-05-05,270,GI#1,2,2_Water temperature,minutes,185.98333333333332,0,201705042
2017-05-08,270,GI#1,2,2_Water temperature,minutes,131.1,0,201705054
2017-05-08,273,GI#3,2,2_Water temperature,minutes,174.81666666666666,0,201705081
2017-05-08,273,GI#3,2,2_Water temperature,minutes,174.81666666666666,0,201705082
2017-05-09,270,GI#1,2,2_Water temperature,minutes,138.08333333333334,0,201705084
2017-05-09,273,GI#3,2,2_Water temperature,minutes,240.91666666666666,0,201705083
2017-05-10,273,GI#3,2,2_Water temperature,minutes,116.88333333333334,1,201705101
2017-05-10,273,GI#3,2,2_Water temperature,minutes,116.88333333333334,1,201705102
2017-05-12,270,GI#1,2,2_Water temperature,minutes,159.65,0,NA
2017-05-12,273,GI#3,2,2_Water temperature,minutes,97.11666666666666,3,201705104
2017-05-18,273,GI#3,2,2_Water temperature,minutes,98.66666666666667,3,201705181
2017-05-19,273,GI#3,2,2_Water temperature,minutes,104.3,2,201705183
2017-05-23,273,GI#3,2,2_Water temperature,minutes,80.03333333333333,4,201705223
2017-05-24,273,GI#3,2,2_Water temperature,minutes,47.46666666666667,8,201705231
2017-05-30,273,GI#3,2,2_Water temperature,minutes,183.31666666666666,0,201705251
2017-06-07,270,GI#1,2,2_Water temperature,minutes,275.15,0,NA
2017-06-08,270,GI#1,2,2_Water temperature,minutes,53.45,7,NA
2017-06-09,270,GI#1,2,2_Water temperature,minutes,97.16666666666667,3,201706081
2017-06-12,270,GI#1,2,2_Water temperature,minutes,105.61666666666666,2,201706092
2017-06-13,270,GI#1,2,2_Water temperature,minutes,97.13333333333334,3,201706092
2017-06-14,270,GI#1,2,2_Water temperature,minutes,112.11666666666666,1,201706131
2017-06-15,270,GI#1,2,2_Water temperature,minutes,91.93333333333334,3,201706142
2017-06-21,270,GI#1,2,2_Water temperature,minutes,110.93333333333334,1,201706161
2017-06-22,270,GI#1,2,2_Water temperature,minutes,59.38333333333333,7,201706211
2017-06-23,270,GI#1,2,2_Water temperature,minutes,81.53333333333333,4,201706221
2017-06-26,270,GI#1,2,2_Water temperature,minutes,100.9,2,201706231
2017-06-27,270,GI#1,2,2_Water temperature,minutes,90.56666666666666,3,201706261
2017-06-30,270,GI#1,2,2_Water temperature,minutes,89.85,4,201706271
2017-07-03,270,GI#1,2,2_Water temperature,minutes,79.5,5,201706271
2017-07-05,270,GI#1,2,2_Water temperature,minutes,93.06666666666666,3,201707031
2017-07-06,273,GI#3,2,2_Water temperature,minutes,137.06666666666666,0,201707031
2017-07-06,270,GI#1,2,2_Water temperature,minutes,84.31666666666666,4,201707031
2017-07-07,270,GI#1,2,2_Water temperature,minutes,196.21666666666667,0,201707061
2017-07-07,273,GI#3,2,2_Water temperature,minutes,202.7,0,201707031
2017-07-08,273,GI#3,2,2_Water temperature,minutes,149.95,0,201707031
2017-07-10,270,GI#1,2,2_Water temperature,minutes,201.91666666666666,0,201707081
2017-07-11,273,GI#3,2,2_Water temperature,minutes,168.21666666666667,0,201707031
2017-07-11,270,GI#1,2,2_Water temperature,minutes,70.71666666666667,5,201707101
2017-07-12,270,GI#1,2,2_Water temperature,minutes,326.76666666666665,0,201707111
2017-07-12,270,GI#1,2,2_Water temperature,minutes,326.76666666666665,0,201707121
2017-07-12,273,GI#3,2,2_Water temperature,minutes,355.85,0,201707031
2017-07-13,270,GI#1,2,2_Water temperature,minutes,331.45,0,201707122
2017-07-13,273,GI#3,2,2_Water temperature,minutes,152.43333333333334,0,201707031
2017-07-14,273,GI#3,2,2_Water temperature,minutes,119.5,1,201707031
2017-07-17,270,GI#1,2,2_Water temperature,minutes,102.26666666666667,2,201707132
2017-07-18,270,GI#1,2,2_Water temperature,minutes,184.23333333333332,0,201707171
2017-07-19,270,GI#1,2,2_Water temperature,minutes,199.03333333333333,0,201707181
2017-07-20,270,GI#1,2,2_Water temperature,minutes,83.1,4,201707181
2017-07-22,273,GI#3,2,2_Water temperature,minutes,104.8,2,NA
2017-07-24,273,GI#3,2,2_Water temperature,minutes,384.4,0,201707031
2017-07-25,273,GI#3,2,2_Water temperature,minutes,115.38333333333334,1,NA
2017-07-26,270,GI#1,2,2_Water temperature,minutes,122.33333333333333,0,201707191
2017-07-26,273,GI#3,2,2_Water temperature,minutes,85.16666666666667,4,201707031
2017-07-27,273,GI#3,2,2_Water temperature,minutes,185.03333333333333,0,201707031
2017-07-28,273,GI#3,2,2_Water temperature,minutes,354.3,0,201707031
2017-07-29,273,GI#3,2,2_Water temperature,minutes,236.9,0,201707031
2017-07-31,273,GI#3,2,2_Water temperature,minutes,296.1333333333333,0,201707031
2017-08-02,273,GI#3,2,2_Water temperature,minutes,158.48333333333332,0,201707031
2017-08-07,270,GI#1,2,2_Water temperature,minutes,120.46666666666667,0,201708031
2017-08-09,270,GI#1,2,2_Water temperature,minutes,74.51666666666667,5,201708082
2017-08-10,270,GI#1,2,2_Water temperature,minutes,85.23333333333333,4,201708091
2017-08-11,273,GI#3,2,2_Water temperature,minutes,92.23333333333333,3,201708031
2017-08-11,270,GI#1,2,2_Water temperature,minutes,87.06666666666666,4,201708091
2017-08-14,287,GI#4,2,2_Water temperature,minutes,94.06666666666666,3,201708082
2017-08-15,270,GI#1,2,2_Water temperature,minutes,97.53333333333333,3,201708091
2017-08-16,273,GI#3,2,2_Water temperature,minutes,202.71666666666667,0,201708082
2017-08-16,270,GI#1,2,2_Water temperature,minutes,79.91666666666667,5,201708091
2017-08-17,270,GI#1,2,2_Water temperature,minutes,209.66666666666666,0,201708161
2017-08-17,273,GI#3,2,2_Water temperature,minutes,959.25,0,201708082
2017-08-18,273,GI#3,2,2_Water temperature,minutes,456.8,0,201708082
2017-08-18,270,GI#1,2,2_Water temperature,minutes,82.25,4,201708171
2017-08-21,270,GI#1,2,2_Water temperature,minutes,144.25,0,201708171
2017-08-23,273,GI#3,2,2_Water temperature,minutes,86.56666666666666,4,201708082
2017-08-29,273,GI#3,2,2_Water temperature,minutes,59.983333333333334,7,NA
2017-09-08,270,GI#1,2,2_Water temperature,minutes,49.25,8,NA
2017-09-11,270,GI#1,2,2_Water temperature,minutes,74.55,5,201708171
2017-09-12,270,GI#1,2,2_Water temperature,minutes,65.65,6,201709111
2017-09-13,270,GI#1,2,2_Water temperature,minutes,152.26666666666668,0,201709111
2017-09-14,270,GI#1,2,2_Water temperature,minutes,583.4333333333333,0,201709111
2017-09-14,270,GI#1,2,2_Water temperature,minutes,583.4333333333333,0,201709141
2017-09-20,270,GI#1,2,2_Water temperature,minutes,86.16666666666667,4,201709151
2017-09-21,270,GI#1,2,2_Water temperature,minutes,66.25,6,201709201
2017-09-25,270,GI#1,2,2_Water temperature,minutes,72.23333333333333,5,201709221
2017-09-26,270,GI#1,2,2_Water temperature,minutes,73.38333333333334,5,201709221
2017-09-27,270,GI#1,2,2_Water temperature,minutes,64.41666666666667,6,201709221
2017-09-28,270,GI#1,2,2_Water temperature,minutes,57.85,7,201709221
2017-09-29,270,GI#1,2,2_Water temperature,minutes,70.71666666666667,5,NA
2017-10-02,270,GI#1,2,2_Water temperature,minutes,45.4,8,201709221
2017-10-04,270,GI#1,2,2_Water temperature,minutes,64.86666666666666,6,201710031
2017-10-05,270,GI#1,2,2_Water temperature,minutes,56.55,7,201710041
2017-10-06,270,GI#1,2,2_Water temperature,minutes,51.016666666666666,7,201710051
2017-10-09,270,GI#1,2,2_Water temperature,minutes,58.61666666666667,7,201710051
2017-10-10,270,GI#1,2,2_Water temperature,minutes,47.61666666666667,8,201710051
2017-10-12,270,GI#1,2,2_Water temperature,minutes,76.73333333333333,5,201710101
2017-10-16,270,GI#1,2,2_Water temperature,minutes,63.88333333333333,6,201710121
2017-02-01,270,GI#1,3,3_Gas temperature,minutes,112.28333333333333,0,201701312
2017-02-01,270,GI#1,3,3_Gas temperature,minutes,112.28333333333333,0,201702011
2017-02-01,270,GI#1,3,3_Gas temperature,minutes,112.28333333333333,0,201702012
2017-02-02,270,GI#1,3,3_Gas temperature,minutes,167.66666666666666,0,201702014
2017-02-03,270,GI#1,3,3_Gas temperature,minutes,104.76666666666667,0,201702022
2017-02-08,270,GI#1,3,3_Gas temperature,minutes,136.21666666666667,0,201702031
2017-02-13,270,GI#1,3,3_Gas temperature,minutes,270.73333333333335,0,NA
2017-02-15,270,GI#1,3,3_Gas temperature,minutes,30.783333333333335,6,201702151
2017-02-16,270,GI#1,3,3_Gas temperature,minutes,54.71666666666667,2,201702152
2017-02-17,270,GI#1,3,3_Gas temperature,minutes,34.63333333333333,6,201702162
2017-03-01,270,GI#1,3,3_Gas temperature,minutes,45.13333333333333,3,201702283
2017-03-08,270,GI#1,3,3_Gas temperature,minutes,24.35,8,201703071
2017-03-22,270,GI#1,3,3_Gas temperature,minutes,16.85,9,201703201
2017-03-24,270,GI#1,3,3_Gas temperature,minutes,205.2,0,NA
2017-04-07,270,GI#1,3,3_Gas temperature,minutes,12.833333333333334,10,201704071
2017-04-13,270,GI#1,3,3_Gas temperature,minutes,156.91666666666666,0,201704121
2017-04-13,270,GI#1,3,3_Gas temperature,minutes,156.91666666666666,0,201704131
2017-04-17,270,GI#1,3,3_Gas temperature,minutes,60.03333333333334,0,201704133
2017-04-18,270,GI#1,3,3_Gas temperature,minutes,51.483333333333334,2,201704171
2017-04-19,270,GI#1,3,3_Gas temperature,minutes,148.03333333333333,0,201704181
2017-04-21,270,GI#1,3,3_Gas temperature,minutes,66.31666666666666,0,201704201
2017-04-25,270,GI#1,3,3_Gas temperature,minutes,95.08333333333333,0,201704201
2017-04-27,270,GI#1,3,3_Gas temperature,minutes,38.3,5,201704261
2017-04-27,270,GI#1,3,3_Gas temperature,minutes,38.3,5,201704272
2017-04-28,270,GI#1,3,3_Gas temperature,minutes,12.95,10,201704273
2017-05-02,270,GI#1,3,3_Gas temperature,minutes,22.5,8,201705011
2017-05-03,270,GI#1,3,3_Gas temperature,minutes,13.166666666666666,10,NA
2017-05-04,270,GI#1,3,3_Gas temperature,minutes,95.7,0,201705033
2017-05-04,270,GI#1,3,3_Gas temperature,minutes,95.7,0,201705041
2017-05-05,270,GI#1,3,3_Gas temperature,minutes,46.95,3,201705042
2017-05-08,270,GI#1,3,3_Gas temperature,minutes,123.05,0,201705054
2017-05-08,273,GI#3,3,3_Gas temperature,minutes,109.71666666666667,0,201705081
2017-05-08,273,GI#3,3,3_Gas temperature,minutes,109.71666666666667,0,201705082
2017-05-09,270,GI#1,3,3_Gas temperature,minutes,121.48333333333332,0,201705084
2017-05-09,273,GI#3,3,3_Gas temperature,minutes,43.25,4,201705083
2017-05-18,273,GI#3,3,3_Gas temperature,minutes,380.9,0,201705181
2017-05-19,273,GI#3,3,3_Gas temperature,minutes,11.366666666666667,10,201705183
2017-05-23,273,GI#3,3,3_Gas temperature,minutes,60.333333333333336,0,201705223
2017-05-24,273,GI#3,3,3_Gas temperature,minutes,25.55,7,201705231
2017-05-30,273,GI#3,3,3_Gas temperature,minutes,47.86666666666667,3,201705251
2017-06-07,270,GI#1,3,3_Gas temperature,minutes,30.716666666666665,6,NA
2017-06-08,270,GI#1,3,3_Gas temperature,minutes,45.733333333333334,3,NA
2017-06-09,270,GI#1,3,3_Gas temperature,minutes,56.11666666666667,1,201706081
2017-06-12,270,GI#1,3,3_Gas temperature,minutes,58.81666666666667,1,201706092
2017-06-13,270,GI#1,3,3_Gas temperature,minutes,64.11666666666667,0,201706092
2017-06-14,270,GI#1,3,3_Gas temperature,minutes,74.36666666666666,0,201706131
2017-06-15,270,GI#1,3,3_Gas temperature,minutes,38.13333333333333,5,201706142
2017-06-21,270,GI#1,3,3_Gas temperature,minutes,41.93333333333333,4,201706161
2017-06-22,270,GI#1,3,3_Gas temperature,minutes,19.166666666666668,9,201706211
2017-06-23,270,GI#1,3,3_Gas temperature,minutes,19.816666666666666,9,201706221
2017-06-26,270,GI#1,3,3_Gas temperature,minutes,29.366666666666667,7,201706231
2017-06-27,270,GI#1,3,3_Gas temperature,minutes,18.433333333333334,9,201706261
2017-06-30,270,GI#1,3,3_Gas temperature,minutes,26.366666666666667,7,201706271
2017-07-03,270,GI#1,3,3_Gas temperature,minutes,23.966666666666665,8,201706271
2017-07-05,270,GI#1,3,3_Gas temperature,minutes,45.85,3,201707031
2017-07-06,273,GI#3,3,3_Gas temperature,minutes,132.91666666666666,0,201707031
2017-07-06,270,GI#1,3,3_Gas temperature,minutes,44.96666666666667,4,201707031
2017-07-07,273,GI#3,3,3_Gas temperature,minutes,85.1,0,201707031
2017-07-07,270,GI#1,3,3_Gas temperature,minutes,20.616666666666667,8,201707061
2017-07-08,273,GI#3,3,3_Gas temperature,minutes,67.51666666666667,0,201707031
2017-07-10,270,GI#1,3,3_Gas temperature,minutes,31.533333333333335,6,201707081
2017-07-11,273,GI#3,3,3_Gas temperature,minutes,144.65,0,201707031
2017-07-11,270,GI#1,3,3_Gas temperature,minutes,32.96666666666667,6,201707101
2017-07-12,270,GI#1,3,3_Gas temperature,minutes,28.883333333333333,7,201707111
2017-07-12,270,GI#1,3,3_Gas temperature,minutes,28.883333333333333,7,201707121
2017-07-13,273,GI#3,3,3_Gas temperature,minutes,64.46666666666667,0,201707031
2017-07-13,270,GI#1,3,3_Gas temperature,minutes,27.266666666666666,7,201707122
2017-07-14,273,GI#3,3,3_Gas temperature,minutes,231.23333333333332,0,201707031
2017-07-17,270,GI#1,3,3_Gas temperature,minutes,38.766666666666666,5,201707132
2017-07-18,270,GI#1,3,3_Gas temperature,minutes,30.183333333333334,6,201707171
2017-07-19,270,GI#1,3,3_Gas temperature,minutes,38.93333333333333,5,201707181
2017-07-20,270,GI#1,3,3_Gas temperature,minutes,32.833333333333336,6,201707181
2017-07-24,273,GI#3,3,3_Gas temperature,minutes,54.9,2,201707031
2017-07-26,273,GI#3,3,3_Gas temperature,minutes,33.86666666666667,6,201707031
2017-07-26,270,GI#1,3,3_Gas temperature,minutes,26.483333333333334,7,201707191
2017-07-28,273,GI#3,3,3_Gas temperature,minutes,57.733333333333334,1,201707031
2017-07-29,273,GI#3,3,3_Gas temperature,minutes,52.7,2,201707031
2017-07-31,273,GI#3,3,3_Gas temperature,minutes,90.41666666666667,0,201707031
2017-08-02,273,GI#3,3,3_Gas temperature,minutes,65.85,0,201707031
2017-08-07,270,GI#1,3,3_Gas temperature,minutes,77.38333333333334,0,201708031
2017-08-09,270,GI#1,3,3_Gas temperature,minutes,17.766666666666666,9,201708082
2017-08-10,270,GI#1,3,3_Gas temperature,minutes,48.71666666666667,3,201708091
2017-08-11,273,GI#3,3,3_Gas temperature,minutes,79.28333333333333,0,201708031
2017-08-11,270,GI#1,3,3_Gas temperature,minutes,50.483333333333334,2,201708091
2017-08-14,287,GI#4,3,3_Gas temperature,minutes,75.4,0,201708082
2017-08-15,270,GI#1,3,3_Gas temperature,minutes,57.93333333333333,1,201708091
2017-08-16,273,GI#3,3,3_Gas temperature,minutes,68.83333333333333,0,201708082
2017-08-16,270,GI#1,3,3_Gas temperature,minutes,39.63333333333333,5,201708091
2017-08-17,273,GI#3,3,3_Gas temperature,minutes,63.616666666666674,0,201708082
2017-08-17,270,GI#1,3,3_Gas temperature,minutes,29.016666666666666,7,201708161
2017-08-18,273,GI#3,3,3_Gas temperature,minutes,252.31666666666666,0,201708082
2017-08-18,270,GI#1,3,3_Gas temperature,minutes,40.93333333333333,4,201708171
2017-08-21,270,GI#1,3,3_Gas temperature,minutes,63.85,0,201708171
2017-08-23,273,GI#3,3,3_Gas temperature,minutes,49.483333333333334,3,201708082
2017-08-29,273,GI#3,3,3_Gas temperature,minutes,29.566666666666666,7,NA
2017-09-08,270,GI#1,3,3_Gas temperature,minutes,41.016666666666666,4,NA
2017-09-11,270,GI#1,3,3_Gas temperature,minutes,25.9,7,201708171
2017-09-12,270,GI#1,3,3_Gas temperature,minutes,20.933333333333334,8,201709111
2017-09-13,270,GI#1,3,3_Gas temperature,minutes,56.733333333333334,1,201709111
2017-09-14,270,GI#1,3,3_Gas temperature,minutes,113.08333333333333,0,201709111
2017-09-14,270,GI#1,3,3_Gas temperature,minutes,113.08333333333333,0,201709141
2017-09-20,270,GI#1,3,3_Gas temperature,minutes,51.38333333333333,2,201709151
2017-09-21,270,GI#1,3,3_Gas temperature,minutes,30.65,6,201709201
2017-09-25,270,GI#1,3,3_Gas temperature,minutes,31.916666666666668,6,201709221
2017-09-26,270,GI#1,3,3_Gas temperature,minutes,31.7,6,201709221
2017-09-27,270,GI#1,3,3_Gas temperature,minutes,26.266666666666666,7,201709221
2017-09-28,270,GI#1,3,3_Gas temperature,minutes,23.183333333333334,8,201709221
2017-10-02,270,GI#1,3,3_Gas temperature,minutes,18.5,9,201709221
2017-10-04,270,GI#1,3,3_Gas temperature,minutes,25.866666666666667,7,201710031
2017-10-05,270,GI#1,3,3_Gas temperature,minutes,23.95,8,201710041
2017-10-06,270,GI#1,3,3_Gas temperature,minutes,24.1,8,201710051
2017-10-09,270,GI#1,3,3_Gas temperature,minutes,24.7,8,201710051
2017-10-10,270,GI#1,3,3_Gas temperature,minutes,22.75,8,201710051
2017-10-12,270,GI#1,3,3_Gas temperature,minutes,54.53333333333333,2,201710101
2017-10-16,270,GI#1,3,3_Gas temperature,minutes,33.05,6,201710121
2017-01-26,270,GI#1,5,5_Thermal output,kW/hr,63.2848169121212,7,201701252
2017-01-26,270,GI#1,5,5_Thermal output,kW/hr,63.2848169121212,7,201701261
2017-01-30,270,GI#1,5,5_Thermal output,kW/hr,90.14361467222221,9,201701271
2017-01-31,270,GI#1,5,5_Thermal output,kW/hr,21.131985087541903,3,201701311
2017-02-01,270,GI#1,5,5_Thermal output,kW/hr,54.2325089520376,6,201701312
2017-02-01,270,GI#1,5,5_Thermal output,kW/hr,54.2325089520376,6,201702011
2017-02-01,270,GI#1,5,5_Thermal output,kW/hr,54.2325089520376,6,201702012
2017-02-02,270,GI#1,5,5_Thermal output,kW/hr,73.3225573888889,8,201702014
2017-02-03,270,GI#1,5,5_Thermal output,kW/hr,47.79493653967172,6,201702022
2017-02-08,270,GI#1,5,5_Thermal output,kW/hr,55.30690442902357,7,201702031
2017-02-13,270,GI#1,5,5_Thermal output,kW/hr,15.58790518179293,1,NA
2017-02-14,270,GI#1,5,5_Thermal output,kW/hr,84.10528641666666,8,201702131
2017-02-15,270,GI#1,5,5_Thermal output,kW/hr,95.29182320071199,9,201702151
2017-02-16,270,GI#1,5,5_Thermal output,kW/hr,82.58590187184343,8,201702152
2017-02-17,270,GI#1,5,5_Thermal output,kW/hr,95.96650618013187,9,201702162
2017-03-01,270,GI#1,5,5_Thermal output,kW/hr,90.57492383333333,9,201702283
2017-03-07,270,GI#1,5,5_Thermal output,kW/hr,83.9757847518785,8,201703062
2017-03-08,270,GI#1,5,5_Thermal output,kW/hr,64.51862251239058,7,201703071
2017-03-09,270,GI#1,5,5_Thermal output,kW/hr,60.59893713611111,7,201703071
2017-03-10,270,GI#1,5,5_Thermal output,kW/hr,57.75425716896465,7,201703071
2017-03-11,270,GI#1,5,5_Thermal output,kW/hr,51.757099333333336,6,201703071
2017-04-05,270,GI#1,5,5_Thermal output,kW/hr,2.3304624151365507,0,201704052
2017-04-06,270,GI#1,5,5_Thermal output,kW/hr,16.476288907200175,2,201704061
2017-04-07,270,GI#1,5,5_Thermal output,kW/hr,21.67631277872054,3,201704071
2017-04-10,270,GI#1,5,5_Thermal output,kW/hr,23.045832727272725,4,201704071
2017-04-11,270,GI#1,5,5_Thermal output,kW/hr,22.476305250810185,4,201704071
2017-04-12,270,GI#1,5,5_Thermal output,kW/hr,18.220611500000004,2,201704111
2017-04-13,270,GI#1,5,5_Thermal output,kW/hr,18.158880239917817,2,201704121
2017-04-13,270,GI#1,5,5_Thermal output,kW/hr,18.158880239917817,2,201704131
2017-04-17,270,GI#1,5,5_Thermal output,kW/hr,18.220611500000004,2,201704133
2017-04-19,270,GI#1,5,5_Thermal output,kW/hr,20.68051655263967,3,201704181
2017-04-20,270,GI#1,5,5_Thermal output,kW/hr,19.71893547324875,3,201704191
2017-04-21,270,GI#1,5,5_Thermal output,kW/hr,19.500631414049227,3,201704201
2017-04-24,270,GI#1,5,5_Thermal output,kW/hr,19.63264184397781,3,201704201
2017-04-25,270,GI#1,5,5_Thermal output,kW/hr,17.025684310993267,2,201704201
2017-04-26,270,GI#1,5,5_Thermal output,kW/hr,25.564643310233244,5,201704201
2017-04-27,270,GI#1,5,5_Thermal output,kW/hr,48.06016366666667,6,201704261
2017-04-27,270,GI#1,5,5_Thermal output,kW/hr,48.06016366666667,6,201704272
2017-04-28,270,GI#1,5,5_Thermal output,kW/hr,54.92590133333333,6,201704273
2017-05-02,270,GI#1,5,5_Thermal output,kW/hr,30.89571155498445,5,201705011
2017-05-04,270,GI#1,5,5_Thermal output,kW/hr,24.31666606986,4,201705033
2017-05-04,270,GI#1,5,5_Thermal output,kW/hr,24.31666606986,4,201705041
2017-05-05,270,GI#1,5,5_Thermal output,kW/hr,33.762144945454544,5,201705042
2017-05-10,273,GI#3,5,5_Thermal output,kW/hr,23.61054542959652,4,201705101
2017-05-10,273,GI#3,5,5_Thermal output,kW/hr,23.61054542959652,4,201705102
2017-05-12,273,GI#3,5,5_Thermal output,kW/hr,22.095620949328502,4,201705104
2017-05-18,273,GI#3,5,5_Thermal output,kW/hr,15.4823485896686,1,201705181
2017-05-19,273,GI#3,5,5_Thermal output,kW/hr,19.446236241876722,3,201705183
2017-05-23,273,GI#3,5,5_Thermal output,kW/hr,17.094875716036402,2,201705223
2017-05-24,273,GI#3,5,5_Thermal output,kW/hr,18.07385765683627,2,201705231
2017-05-30,273,GI#3,5,5_Thermal output,kW/hr,35.880833290783215,5,201705251
2017-06-09,270,GI#1,5,5_Thermal output,kW/hr,31.423953166666664,5,201706081
2017-06-12,270,GI#1,5,5_Thermal output,kW/hr,16.44656250151515,2,201706092
2017-06-13,270,GI#1,5,5_Thermal output,kW/hr,26.934817000000002,5,201706092
2017-06-14,270,GI#1,5,5_Thermal output,kW/hr,15.378654444224185,1,201706131
2017-06-15,270,GI#1,5,5_Thermal output,kW/hr,20.069079333333335,3,201706142
2017-06-21,270,GI#1,5,5_Thermal output,kW/hr,27.7270175,5,201706161
2017-06-22,270,GI#1,5,5_Thermal output,kW/hr,33.272420999999994,5,201706211
2017-06-23,270,GI#1,5,5_Thermal output,kW/hr,27.932264042479176,5,201706221
2017-06-26,270,GI#1,5,5_Thermal output,kW/hr,24.61904615953191,4,201706231
2017-06-27,270,GI#1,5,5_Thermal output,kW/hr,26.83399148181818,5,201706261
2017-06-30,270,GI#1,5,5_Thermal output,kW/hr,24.13185704242424,4,201706271
2017-07-03,270,GI#1,5,5_Thermal output,kW/hr,27.761692942760945,5,201706271
2017-07-05,270,GI#1,5,5_Thermal output,kW/hr,32.282170375,5,201707031
2017-07-06,270,GI#1,5,5_Thermal output,kW/hr,29.383436727272727,5,201707031
2017-07-07,270,GI#1,5,5_Thermal output,kW/hr,27.67202176280992,5,201707061
2017-07-10,270,GI#1,5,5_Thermal output,kW/hr,41.84446552012311,6,201707081
2017-07-11,270,GI#1,5,5_Thermal output,kW/hr,28.019891624242426,5,201707101
2017-07-12,270,GI#1,5,5_Thermal output,kW/hr,31.68802,5,201707111
2017-07-12,270,GI#1,5,5_Thermal output,kW/hr,31.68802,5,201707121
2017-07-13,270,GI#1,5,5_Thermal output,kW/hr,27.266100845454545,5,201707122
2017-07-17,270,GI#1,5,5_Thermal output,kW/hr,25.86894723636364,5,201707132
2017-07-18,270,GI#1,5,5_Thermal output,kW/hr,27.136468036363635,5,201707171
2017-07-19,270,GI#1,5,5_Thermal output,kW/hr,25.5088561,5,201707181
2017-07-20,270,GI#1,5,5_Thermal output,kW/hr,23.196590883030304,4,201707181
2017-07-26,270,GI#1,5,5_Thermal output,kW/hr,30.535728363636363,5,201707191
2017-08-07,270,GI#1,5,5_Thermal output,kW/hr,26.793367866952863,5,201708031
2017-08-10,270,GI#1,5,5_Thermal output,kW/hr,44.43620647030303,6,201708091
2017-08-11,270,GI#1,5,5_Thermal output,kW/hr,41.85968237139394,6,201708091
2017-08-16,270,GI#1,5,5_Thermal output,kW/hr,0.35945097434343437,0,201708091
2017-09-12,270,GI#1,5,5_Thermal output,kW/hr,1.377773431386134,0,201709111
2017-09-13,270,GI#1,5,5_Thermal output,kW/hr,0.9667544303556225,0,201709111
2017-09-14,270,GI#1,5,5_Thermal output,kW/hr,37.52599754829546,5,201709111
2017-09-14,270,GI#1,5,5_Thermal output,kW/hr,37.52599754829546,5,201709141
2017-09-15,270,GI#1,5,5_Thermal output,kW/hr,30.51172228787879,5,201709141
2017-09-20,270,GI#1,5,5_Thermal output,kW/hr,36.82921453107744,5,201709151
2017-09-21,270,GI#1,5,5_Thermal output,kW/hr,34.536740989898995,5,201709201
2017-09-22,270,GI#1,5,5_Thermal output,kW/hr,34.08862757575758,5,201709201
2017-09-25,270,GI#1,5,5_Thermal output,kW/hr,32.81027736824916,5,201709221
2017-09-26,270,GI#1,5,5_Thermal output,kW/hr,14.65570925,1,201709221
2017-09-27,270,GI#1,5,5_Thermal output,kW/hr,16.449862288448426,2,201709221
2017-09-28,270,GI#1,5,5_Thermal output,kW/hr,33.272421,5,201709221
2017-10-02,270,GI#1,5,5_Thermal output,kW/hr,37.034664104579896,5,201709221
2017-10-04,270,GI#1,5,5_Thermal output,kW/hr,38.51862150123967,5,201710031
2017-10-05,270,GI#1,5,5_Thermal output,kW/hr,36.42548568367003,5,201710041
2017-10-06,270,GI#1,5,5_Thermal output,kW/hr,31.53582147969697,5,201710051
2017-10-09,270,GI#1,5,5_Thermal output,kW/hr,35.56596147787879,5,201710051
2017-10-10,270,GI#1,5,5_Thermal output,kW/hr,33.4096397290303,5,201710051
2017-10-12,270,GI#1,5,5_Thermal output,kW/hr,38.23087594772728,5,201710101
2017-10-16,270,GI#1,5,5_Thermal output,kW/hr,29.527953303333334,5,201710121
2017-01-26,270,GI#1,6,6_Thermal efficiency,%,80.24235885351223,8,201701252
2017-01-26,270,GI#1,6,6_Thermal efficiency,%,80.24235885351223,8,201701261
2017-01-30,270,GI#1,6,6_Thermal efficiency,%,44.744225596001634,4,201701271
2017-01-31,270,GI#1,6,6_Thermal efficiency,%,42.6567186470344,4,201701311
2017-02-01,270,GI#1,6,6_Thermal efficiency,%,26.689870721064928,2,201701312
2017-02-01,270,GI#1,6,6_Thermal efficiency,%,26.689870721064928,2,201702011
2017-02-01,270,GI#1,6,6_Thermal efficiency,%,26.689870721064928,2,201702012
2017-02-02,270,GI#1,6,6_Thermal efficiency,%,24.293608609701337,2,201702014
2017-02-03,270,GI#1,6,6_Thermal efficiency,%,16.925228654124112,1,201702022
2017-02-08,270,GI#1,6,6_Thermal efficiency,%,85.3134372940688,8,201702031
2017-02-13,270,GI#1,6,6_Thermal efficiency,%,7.739484758437144,0,NA
2017-02-14,270,GI#1,6,6_Thermal efficiency,%,7424.475242251171,10,201702131
2017-02-15,270,GI#1,6,6_Thermal efficiency,%,42.88172883329864,4,201702151
2017-02-16,270,GI#1,6,6_Thermal efficiency,%,29.35187814084505,2,201702152
2017-02-17,270,GI#1,6,6_Thermal efficiency,%,32.288735990101685,3,201702162
2017-03-01,270,GI#1,6,6_Thermal efficiency,%,36.22688694219547,3,201702283
2017-03-07,270,GI#1,6,6_Thermal efficiency,%,50.33486271926636,5,201703062
2017-03-08,270,GI#1,6,6_Thermal efficiency,%,39.072760111835365,3,201703071
2017-03-09,270,GI#1,6,6_Thermal efficiency,%,37.02678440380067,3,201703071
2017-03-10,270,GI#1,6,6_Thermal efficiency,%,59.091835076606124,5,201703071
2017-03-11,270,GI#1,6,6_Thermal efficiency,%,8.957604181255375,0,201703071
2017-04-05,270,GI#1,6,6_Thermal efficiency,%,1.3974967258014692,0,201704052
2017-04-06,270,GI#1,6,6_Thermal efficiency,%,6.37131633883831,0,201704061
2017-04-07,270,GI#1,6,6_Thermal efficiency,%,8.386822033103217,0,201704071
2017-04-10,270,GI#1,6,6_Thermal efficiency,%,6.208443106668785,0,201704071
2017-04-11,270,GI#1,6,6_Thermal efficiency,%,13.394911141496687,1,201704071
2017-04-12,270,GI#1,6,6_Thermal efficiency,%,10.188711874909174,1,201704111
2017-04-13,270,GI#1,6,6_Thermal efficiency,%,8.716973622019003,0,201704121
2017-04-13,270,GI#1,6,6_Thermal efficiency,%,8.716973622019003,0,201704131
2017-04-17,270,GI#1,6,6_Thermal efficiency,%,9.241172956500389,0,201704133
2017-04-18,270,GI#1,6,6_Thermal efficiency,%,4.224874460425489,0,201704171
2017-04-19,270,GI#1,6,6_Thermal efficiency,%,6.851841191116092,0,201704181
2017-04-20,270,GI#1,6,6_Thermal efficiency,%,6.532866424231991,0,201704191
2017-04-21,270,GI#1,6,6_Thermal efficiency,%,6.46092321898508,0,201704201
2017-04-24,270,GI#1,6,6_Thermal efficiency,%,6.503639523969628,0,201704201
2017-04-25,270,GI#1,6,6_Thermal efficiency,%,6.66504055009271,0,201704201
2017-04-26,270,GI#1,6,6_Thermal efficiency,%,8.469046020789333,0,201704201
2017-04-27,270,GI#1,6,6_Thermal efficiency,%,16.393397705553475,1,201704261
2017-04-27,270,GI#1,6,6_Thermal efficiency,%,16.393397705553475,1,201704272
2017-04-28,270,GI#1,6,6_Thermal efficiency,%,18.17478624380325,1,201704273
2017-05-02,270,GI#1,6,6_Thermal efficiency,%,13.171219277946156,1,201705011
2017-05-04,270,GI#1,6,6_Thermal efficiency,%,20.820603317018872,2,201705033
2017-05-04,270,GI#1,6,6_Thermal efficiency,%,20.820603317018872,2,201705041
2017-05-05,270,GI#1,6,6_Thermal efficiency,%,16.661880163470272,1,201705042
2017-05-08,270,GI#1,6,6_Thermal efficiency,%,4.352726392554531,0,201705054
2017-05-08,273,GI#3,6,6_Thermal efficiency,%,30.496902358745963,3,201705081
2017-05-08,273,GI#3,6,6_Thermal efficiency,%,30.496902358745963,3,201705082
2017-05-09,270,GI#1,6,6_Thermal efficiency,%,17.2945006836946,1,201705084
2017-05-09,273,GI#3,6,6_Thermal efficiency,%,28.606637346319573,2,201705083
2017-05-10,273,GI#3,6,6_Thermal efficiency,%,25.775822913196162,2,201705101
2017-05-10,273,GI#3,6,6_Thermal efficiency,%,25.775822913196162,2,201705102
2017-05-12,273,GI#3,6,6_Thermal efficiency,%,26.978633836600412,2,201705104
2017-05-18,273,GI#3,6,6_Thermal efficiency,%,33.7012215173607,3,201705181
2017-05-19,273,GI#3,6,6_Thermal efficiency,%,41.32579627227378,4,201705183
2017-05-23,273,GI#3,6,6_Thermal efficiency,%,41.3703089333272,4,201705223
2017-05-24,273,GI#3,6,6_Thermal efficiency,%,39.483577061034275,3,201705231
2017-05-30,273,GI#3,6,6_Thermal efficiency,%,50.0580235642683,5,201705251
2017-06-09,270,GI#1,6,6_Thermal efficiency,%,27.85841795514168,2,201706081
2017-06-12,270,GI#1,6,6_Thermal efficiency,%,28.05341580068983,2,201706092
2017-06-13,270,GI#1,6,6_Thermal efficiency,%,30.429607438152278,3,201706092
2017-06-14,270,GI#1,6,6_Thermal efficiency,%,40.43516320952296,4,201706131
2017-06-15,270,GI#1,6,6_Thermal efficiency,%,62.56582983727571,6,201706142
2017-06-21,270,GI#1,6,6_Thermal efficiency,%,39.06277564071709,3,201706161
2017-06-22,270,GI#1,6,6_Thermal efficiency,%,44.77090003770373,4,201706211
2017-06-23,270,GI#1,6,6_Thermal efficiency,%,45.710418396075255,4,201706221
2017-06-27,270,GI#1,6,6_Thermal efficiency,%,35.82783787352737,3,201706261
2017-06-30,270,GI#1,6,6_Thermal efficiency,%,42.33726238829807,4,201706271
2017-07-03,270,GI#1,6,6_Thermal efficiency,%,41.25812443497986,4,201706271
2017-07-05,270,GI#1,6,6_Thermal efficiency,%,48.45226980899494,4,201707031
2017-07-06,270,GI#1,6,6_Thermal efficiency,%,54.94278238456553,5,201707031
2017-07-07,270,GI#1,6,6_Thermal efficiency,%,47.77193640717653,4,201707061
2017-07-10,270,GI#1,6,6_Thermal efficiency,%,36.51482837553894,3,201707081
2017-07-11,270,GI#1,6,6_Thermal efficiency,%,37.15958586115108,3,201707101
2017-07-12,270,GI#1,6,6_Thermal efficiency,%,39.625770534146305,3,201707111
2017-07-12,270,GI#1,6,6_Thermal efficiency,%,39.625770534146305,3,201707121
2017-07-13,270,GI#1,6,6_Thermal efficiency,%,38.43917333431513,3,201707122
2017-07-17,270,GI#1,6,6_Thermal efficiency,%,48.92845516180866,4,201707132
2017-07-18,270,GI#1,6,6_Thermal efficiency,%,35.35620638761529,3,201707171
2017-07-19,270,GI#1,6,6_Thermal efficiency,%,39.5242847963112,3,201707181
2017-07-20,270,GI#1,6,6_Thermal efficiency,%,37.65764787752647,3,201707181
2017-07-26,270,GI#1,6,6_Thermal efficiency,%,59.66237038070435,5,201707191
2017-08-07,270,GI#1,6,6_Thermal efficiency,%,50.717883199495994,5,201708031
2017-08-09,270,GI#1,6,6_Thermal efficiency,%,51.56213730017054,5,201708082
2017-08-10,270,GI#1,6,6_Thermal efficiency,%,63.98952706518667,6,201708091
2017-08-11,270,GI#1,6,6_Thermal efficiency,%,61.63184559148386,6,201708091
2017-08-15,270,GI#1,6,6_Thermal efficiency,%,1.9564269945825021,0,201708091
2017-08-16,270,GI#1,6,6_Thermal efficiency,%,0.3216910010334039,0,201708091
2017-09-12,270,GI#1,6,6_Thermal efficiency,%,2.0707464124463,0,201709111
2017-09-13,270,GI#1,6,6_Thermal efficiency,%,1.2211054529430858,0,201709111
2017-09-14,270,GI#1,6,6_Thermal efficiency,%,50.04651460367582,5,201709111
2017-09-14,270,GI#1,6,6_Thermal efficiency,%,50.04651460367582,5,201709141
2017-09-15,270,GI#1,6,6_Thermal efficiency,%,18.94622140264164,1,201709141
2017-09-20,270,GI#1,6,6_Thermal efficiency,%,60.69723523824102,6,201709151
2017-09-21,270,GI#1,6,6_Thermal efficiency,%,54.38525017160626,5,201709201
2017-09-22,270,GI#1,6,6_Thermal efficiency,%,13.451168199941973,1,201709201
2017-09-25,270,GI#1,6,6_Thermal efficiency,%,64.76668586157336,6,201709221
2017-09-26,270,GI#1,6,6_Thermal efficiency,%,2768.333985664681,10,201709221
2017-09-28,270,GI#1,6,6_Thermal efficiency,%,65.68185933675102,6,201709221
2017-10-02,270,GI#1,6,6_Thermal efficiency,%,36.833156493632316,3,201709221
2017-10-04,270,GI#1,6,6_Thermal efficiency,%,29.743597528534554,2,201710031
2017-10-05,270,GI#1,6,6_Thermal efficiency,%,60.88579766030405,6,201710041
2017-10-06,270,GI#1,6,6_Thermal efficiency,%,49.6615836451855,4,201710051
2017-10-09,270,GI#1,6,6_Thermal efficiency,%,54.35727098081591,5,201710051
2017-10-10,270,GI#1,6,6_Thermal efficiency,%,45.282207994245766,4,201710051
2017-10-12,270,GI#1,6,6_Thermal efficiency,%,58.76180629948616,5,201710101
2017-10-16,270,GI#1,6,6_Thermal efficiency,%,46.59231584995864,4,201710121
2017-01-25,270,GI#1,7,7_Fuel rate,%,49.969728,4,NA
2017-01-26,270,GI#1,7,7_Fuel rate,%,43,4,201701252
2017-01-26,270,GI#1,7,7_Fuel rate,%,43,4,201701261
2017-01-30,270,GI#1,7,7_Fuel rate,%,67,6,201701271
2017-02-01,270,GI#1,7,7_Fuel rate,%,67,6,201701312
2017-02-01,270,GI#1,7,7_Fuel rate,%,67,6,201702011
2017-02-01,270,GI#1,7,7_Fuel rate,%,67,6,201702012
2017-02-02,270,GI#1,7,7_Fuel rate,%,99.5,9,201702014
2017-02-03,270,GI#1,7,7_Fuel rate,%,99.503904,9,201702022
2017-02-08,270,GI#1,7,7_Fuel rate,%,99.51172,9,201702031
2017-02-13,270,GI#1,7,7_Fuel rate,%,87.822272,8,NA
2017-02-15,270,GI#1,7,7_Fuel rate,%,99.5,9,201702151
2017-02-16,270,GI#1,7,7_Fuel rate,%,99.503904,9,201702152
2017-02-17,270,GI#1,7,7_Fuel rate,%,99.501952,9,201702162
2017-03-01,270,GI#1,7,7_Fuel rate,%,95.507816,9,201702283
2017-03-06,270,GI#1,7,7_Fuel rate,%,25.722656,2,201703061
2017-03-07,270,GI#1,7,7_Fuel rate,%,69.423832,6,201703062
2017-03-08,270,GI#1,7,7_Fuel rate,%,82.972656,8,201703071
2017-03-09,270,GI#1,7,7_Fuel rate,%,165.042969,10,201703071
2017-03-10,270,GI#1,7,7_Fuel rate,%,171.113282,10,201703071
2017-03-11,270,GI#1,7,7_Fuel rate,%,311.593744,10,201703071
2017-03-22,270,GI#1,7,7_Fuel rate,%,77.25,7,201703201
2017-03-23,270,GI#1,7,7_Fuel rate,%,77.191408,7,201703201
2017-04-05,270,GI#1,7,7_Fuel rate,%,58.817376,5,201704052
2017-04-06,270,GI#1,7,7_Fuel rate,%,88.126954,8,201704061
2017-04-07,270,GI#1,7,7_Fuel rate,%,85.20508,8,201704071
2017-04-10,270,GI#1,7,7_Fuel rate,%,122.402344,10,201704071
2017-04-11,270,GI#1,7,7_Fuel rate,%,56.357424,5,201704071
2017-04-12,270,GI#1,7,7_Fuel rate,%,61.650384,6,201704111
2017-04-13,270,GI#1,7,7_Fuel rate,%,77.460936,7,201704121
2017-04-13,270,GI#1,7,7_Fuel rate,%,77.460936,7,201704131
2017-04-17,270,GI#1,7,7_Fuel rate,%,65,6,201704133
2017-04-18,270,GI#1,7,7_Fuel rate,%,85.957024,8,201704171
2017-04-19,270,GI#1,7,7_Fuel rate,%,99.501952,9,201704181
2017-04-20,270,GI#1,7,7_Fuel rate,%,99.507816,9,201704191
2017-04-21,270,GI#1,7,7_Fuel rate,%,99.501952,9,201704201
2017-04-24,270,GI#1,7,7_Fuel rate,%,99.517576,9,201704201
2017-04-25,270,GI#1,7,7_Fuel rate,%,99.501952,9,201704201
2017-04-26,270,GI#1,7,7_Fuel rate,%,99.513672,9,201704201
2017-04-27,270,GI#1,7,7_Fuel rate,%,99.501952,9,201704261
2017-04-27,270,GI#1,7,7_Fuel rate,%,99.501952,9,201704272
2017-04-28,270,GI#1,7,7_Fuel rate,%,99.628912,9,201704273
2017-05-04,270,GI#1,7,7_Fuel rate,%,51.108398,5,201705033
2017-05-04,270,GI#1,7,7_Fuel rate,%,51.108398,5,201705041
2017-05-05,270,GI#1,7,7_Fuel rate,%,67.88672,6,201705042
2017-05-08,273,GI#3,7,7_Fuel rate,%,31.624512,3,201705081
2017-05-08,273,GI#3,7,7_Fuel rate,%,31.624512,3,201705082
2017-05-09,270,GI#1,7,7_Fuel rate,%,55.230468,5,201705084
2017-05-09,273,GI#3,7,7_Fuel rate,%,54.569328,5,201705083
2017-05-10,273,GI#3,7,7_Fuel rate,%,43.621088,4,201705101
2017-05-10,273,GI#3,7,7_Fuel rate,%,43.621088,4,201705102
2017-05-12,273,GI#3,7,7_Fuel rate,%,27.08252,2,201705104
2017-05-18,273,GI#3,7,7_Fuel rate,%,19.588384,1,201705181
2017-05-19,273,GI#3,7,7_Fuel rate,%,31.7,3,201705183
2017-05-23,273,GI#3,7,7_Fuel rate,%,26.4,2,201705223
2017-05-24,273,GI#3,7,7_Fuel rate,%,24.3,2,201705231
2017-05-30,273,GI#3,7,7_Fuel rate,%,30.6,3,201705251
2017-06-09,270,GI#1,7,7_Fuel rate,%,47.8,4,201706081
2017-06-12,270,GI#1,7,7_Fuel rate,%,22.2,2,201706092
2017-06-13,270,GI#1,7,7_Fuel rate,%,34.6,3,201706092
2017-06-14,270,GI#1,7,7_Fuel rate,%,30.8,3,201706131
2017-06-15,270,GI#1,7,7_Fuel rate,%,18.5,1,201706142
2017-06-21,270,GI#1,7,7_Fuel rate,%,33.7,3,201706161
2017-06-22,270,GI#1,7,7_Fuel rate,%,26.9,2,201706211
2017-06-23,270,GI#1,7,7_Fuel rate,%,38.5,3,201706221
2017-06-27,270,GI#1,7,7_Fuel rate,%,33.9,3,201706261
2017-06-30,270,GI#1,7,7_Fuel rate,%,31.4,3,201706271
2017-07-03,270,GI#1,7,7_Fuel rate,%,23,2,201706271
2017-07-05,270,GI#1,7,7_Fuel rate,%,41.4,4,201707031
2017-07-06,270,GI#1,7,7_Fuel rate,%,30.6,3,201707031
2017-07-06,273,GI#3,7,7_Fuel rate,%,57.5,5,201707031
2017-07-07,270,GI#1,7,7_Fuel rate,%,21.6,2,201707061
2017-07-07,273,GI#3,7,7_Fuel rate,%,35.5,3,201707031
2017-07-08,273,GI#3,7,7_Fuel rate,%,14.8,1,201707031
2017-07-10,270,GI#1,7,7_Fuel rate,%,41.3,4,201707081
2017-07-11,270,GI#1,7,7_Fuel rate,%,43,4,201707101
2017-07-11,273,GI#3,7,7_Fuel rate,%,90.9,9,201707031
2017-07-12,273,GI#3,7,7_Fuel rate,%,51.7,5,201707031
2017-07-12,270,GI#1,7,7_Fuel rate,%,64.2,6,201707111
2017-07-12,270,GI#1,7,7_Fuel rate,%,64.2,6,201707121
2017-07-13,273,GI#3,7,7_Fuel rate,%,14.7,1,201707031
2017-07-13,270,GI#1,7,7_Fuel rate,%,38.3,3,201707122
2017-07-14,273,GI#3,7,7_Fuel rate,%,27.9,2,201707031
2017-07-17,270,GI#1,7,7_Fuel rate,%,65.7,6,201707132
2017-07-18,270,GI#1,7,7_Fuel rate,%,37.3,3,201707171
2017-07-19,270,GI#1,7,7_Fuel rate,%,30.9,3,201707181
2017-07-20,270,GI#1,7,7_Fuel rate,%,37.5,3,201707181
2017-07-24,273,GI#3,7,7_Fuel rate,%,24.3,2,201707031
2017-07-26,270,GI#1,7,7_Fuel rate,%,22.9,2,201707191
2017-07-26,273,GI#3,7,7_Fuel rate,%,22.8,2,201707031
2017-07-28,273,GI#3,7,7_Fuel rate,%,31.7,3,201707031
2017-07-29,273,GI#3,7,7_Fuel rate,%,26.3,2,201707031
2017-07-31,273,GI#3,7,7_Fuel rate,%,64.5,6,201707031
2017-08-02,273,GI#3,7,7_Fuel rate,%,59.2,5,201707031
2017-08-07,270,GI#1,7,7_Fuel rate,%,26.9,2,201708031
2017-08-09,270,GI#1,7,7_Fuel rate,%,46,4,201708082
2017-08-10,270,GI#1,7,7_Fuel rate,%,48.9,4,201708091
2017-08-11,273,GI#3,7,7_Fuel rate,%,16.7,1,201708031
2017-08-11,270,GI#1,7,7_Fuel rate,%,35.6,3,201708091
2017-08-14,287,GI#4,7,7_Fuel rate,%,28.4,2,201708082
2017-08-15,270,GI#1,7,7_Fuel rate,%,47.5,4,201708091
2017-08-16,273,GI#3,7,7_Fuel rate,%,23.3,2,201708082
2017-08-16,270,GI#1,7,7_Fuel rate,%,49.3,4,201708091
2017-08-17,270,GI#1,7,7_Fuel rate,%,31.5,3,201708161
2017-08-18,270,GI#1,7,7_Fuel rate,%,30.7,3,201708171
2017-08-21,270,GI#1,7,7_Fuel rate,%,24.8,2,201708171
2017-09-11,270,GI#1,7,7_Fuel rate,%,41,4,201708171
2017-09-12,270,GI#1,7,7_Fuel rate,%,32.5,3,201709111
2017-09-13,270,GI#1,7,7_Fuel rate,%,35,3,201709111
2017-09-14,270,GI#1,7,7_Fuel rate,%,42,4,201709111
2017-09-14,270,GI#1,7,7_Fuel rate,%,42,4,201709141
2017-09-15,270,GI#1,7,7_Fuel rate,%,63,6,201709141
2017-09-20,270,GI#1,7,7_Fuel rate,%,50.3,5,201709151
2017-09-21,270,GI#1,7,7_Fuel rate,%,53.4,5,201709201
2017-09-22,270,GI#1,7,7_Fuel rate,%,92.9,9,201709201
2017-09-25,270,GI#1,7,7_Fuel rate,%,53.7,5,201709221
2017-09-26,270,GI#1,7,7_Fuel rate,%,0.7,0,201709221
2017-09-27,270,GI#1,7,7_Fuel rate,%,81.3,8,201709221
2017-09-28,270,GI#1,7,7_Fuel rate,%,29.4,2,201709221
2017-10-02,270,GI#1,7,7_Fuel rate,%,47.3,4,201709221
2017-10-04,270,GI#1,7,7_Fuel rate,%,79,7,201710031
2017-10-05,270,GI#1,7,7_Fuel rate,%,50.8,5,201710041
2017-10-06,270,GI#1,7,7_Fuel rate,%,38.3,3,201710051
2017-10-09,270,GI#1,7,7_Fuel rate,%,99.5,9,201710051
2017-10-10,270,GI#1,7,7_Fuel rate,%,99.5,9,201710051
2017-10-16,270,GI#1,7,7_Fuel rate,%,37.1,3,201710121
2017-01-25,270,GI#1,8,8_Run time,hours,2.6472222222222226,0,NA
2017-01-26,270,GI#1,8,8_Run time,hours,2.5308333333333333,0,201701252
2017-01-26,270,GI#1,8,8_Run time,hours,2.5308333333333333,0,201701261
2017-01-30,270,GI#1,8,8_Run time,hours,1.1280555555555556,0,201701271
2017-01-31,270,GI#1,8,8_Run time,hours,3.0949999999999998,0,201701311
2017-02-01,270,GI#1,8,8_Run time,hours,3.849722222222222,0,201701312
2017-02-01,270,GI#1,8,8_Run time,hours,3.849722222222222,0,201702011
2017-02-01,270,GI#1,8,8_Run time,hours,3.849722222222222,0,201702012
2017-02-02,270,GI#1,8,8_Run time,hours,3.4452777777777777,0,201702014
2017-02-03,270,GI#1,8,8_Run time,hours,2.6422222222222222,0,201702022
2017-02-08,270,GI#1,8,8_Run time,hours,2.680555555555556,0,201702031
2017-02-13,270,GI#1,8,8_Run time,hours,4.3125,1,NA
2017-02-14,270,GI#1,8,8_Run time,hours,3.108611111111111,0,201702131
2017-02-15,270,GI#1,8,8_Run time,hours,2.4380555555555556,0,201702151
2017-02-16,270,GI#1,8,8_Run time,hours,4.2875,1,201702152
2017-02-17,270,GI#1,8,8_Run time,hours,5.62,1,201702162
2017-03-01,270,GI#1,8,8_Run time,hours,4.128611111111111,1,201702283
2017-03-06,270,GI#1,8,8_Run time,hours,0.024722222222222222,0,201703061
2017-03-07,270,GI#1,8,8_Run time,hours,5.4927777777777775,1,201703062
2017-03-08,270,GI#1,8,8_Run time,hours,7.101388888888889,2,201703071
2017-03-09,270,GI#1,8,8_Run time,hours,23.99888888888889,10,201703071
2017-03-10,270,GI#1,8,8_Run time,hours,23.998055555555556,10,201703071
2017-03-11,270,GI#1,8,8_Run time,hours,5.263333333333334,1,201703071
2017-03-22,270,GI#1,8,8_Run time,hours,9.616666666666667,3,201703201
2017-03-23,270,GI#1,8,8_Run time,hours,16.739722222222223,7,201703201
2017-04-05,270,GI#1,8,8_Run time,hours,1.1388888888888888,0,201704052
2017-04-06,270,GI#1,8,8_Run time,hours,4.209722222222222,1,201704061
2017-04-07,270,GI#1,8,8_Run time,hours,1.4594444444444443,0,201704071
2017-04-10,270,GI#1,8,8_Run time,hours,0.47027777777777774,0,201704071
2017-04-11,270,GI#1,8,8_Run time,hours,4.338333333333334,1,201704071
2017-04-12,270,GI#1,8,8_Run time,hours,4.548611111111112,1,201704111
2017-04-13,270,GI#1,8,8_Run time,hours,5.553333333333333,1,201704121
2017-04-13,270,GI#1,8,8_Run time,hours,5.553333333333333,1,201704131
2017-04-17,270,GI#1,8,8_Run time,hours,1.5605555555555557,0,201704133
2017-04-18,270,GI#1,8,8_Run time,hours,1.6719444444444445,0,201704171
2017-04-19,270,GI#1,8,8_Run time,hours,3.735,0,201704181
2017-04-20,270,GI#1,8,8_Run time,hours,4.639166666666667,1,201704191
2017-04-21,270,GI#1,8,8_Run time,hours,2.503333333333333,0,201704201
2017-04-24,270,GI#1,8,8_Run time,hours,3.9427777777777777,0,201704201
2017-04-25,270,GI#1,8,8_Run time,hours,3.2619444444444445,0,201704201
2017-04-26,270,GI#1,8,8_Run time,hours,3.0508333333333337,0,201704201
2017-04-27,270,GI#1,8,8_Run time,hours,3.96,0,201704261
2017-04-27,270,GI#1,8,8_Run time,hours,3.96,0,201704272
2017-04-28,270,GI#1,8,8_Run time,hours,1.2944444444444445,0,201704273
2017-05-02,270,GI#1,8,8_Run time,hours,1.3697222222222223,0,201705011
2017-05-04,270,GI#1,8,8_Run time,hours,4.6258333333333335,1,201705033
2017-05-04,270,GI#1,8,8_Run time,hours,4.6258333333333335,1,201705041
2017-05-05,270,GI#1,8,8_Run time,hours,4.312777777777778,1,201705042
2017-05-08,270,GI#1,8,8_Run time,hours,1.1230555555555557,0,201705054
2017-05-08,273,GI#3,8,8_Run time,hours,1.3758333333333332,0,201705081
2017-05-08,273,GI#3,8,8_Run time,hours,1.3758333333333332,0,201705082
2017-05-09,270,GI#1,8,8_Run time,hours,3.8161111111111112,0,201705084
2017-05-09,273,GI#3,8,8_Run time,hours,4.040555555555556,1,201705083
2017-05-10,273,GI#3,8,8_Run time,hours,2.5063888888888886,0,201705101
2017-05-10,273,GI#3,8,8_Run time,hours,2.5063888888888886,0,201705102
2017-05-12,273,GI#3,8,8_Run time,hours,1.3616666666666668,0,201705104
2017-05-18,273,GI#3,8,8_Run time,hours,2.082777777777778,0,201705181
2017-05-19,273,GI#3,8,8_Run time,hours,5.311388888888889,1,201705183
2017-05-23,273,GI#3,8,8_Run time,hours,3.1063888888888886,0,201705223
2017-05-24,273,GI#3,8,8_Run time,hours,3.6780555555555554,0,201705231
2017-05-30,273,GI#3,8,8_Run time,hours,3.4466666666666668,0,201705251
2017-06-09,270,GI#1,8,8_Run time,hours,2.312222222222222,0,201706081
2017-06-12,270,GI#1,8,8_Run time,hours,0.43222222222222223,0,201706092
2017-06-13,270,GI#1,8,8_Run time,hours,3.2608333333333333,0,201706092
2017-06-14,270,GI#1,8,8_Run time,hours,5.770833333333333,1,201706131
2017-06-15,270,GI#1,8,8_Run time,hours,5.133055555555556,1,201706142
2017-06-21,270,GI#1,8,8_Run time,hours,4.4075,1,201706161
2017-06-22,270,GI#1,8,8_Run time,hours,4.071666666666667,1,201706211
2017-06-23,270,GI#1,8,8_Run time,hours,3.7527777777777778,0,201706221
2017-06-26,270,GI#1,8,8_Run time,hours,2.4699999999999998,0,201706231
2017-06-27,270,GI#1,8,8_Run time,hours,4.028888888888889,1,201706261
2017-06-30,270,GI#1,8,8_Run time,hours,4.386388888888889,1,201706271
2017-07-03,270,GI#1,8,8_Run time,hours,2.1180555555555554,0,201706271
2017-07-05,270,GI#1,8,8_Run time,hours,4.321944444444444,1,201707031
2017-07-06,270,GI#1,8,8_Run time,hours,3.187777777777778,0,201707031
2017-07-06,273,GI#3,8,8_Run time,hours,1.9127777777777777,0,201707031
2017-07-07,270,GI#1,8,8_Run time,hours,1.4855555555555557,0,201707061
2017-07-07,273,GI#3,8,8_Run time,hours,3.3311111111111114,0,201707031
2017-07-08,273,GI#3,8,8_Run time,hours,0.8247222222222222,0,201707031
2017-07-10,270,GI#1,8,8_Run time,hours,4.118611111111111,1,201707081
2017-07-11,270,GI#1,8,8_Run time,hours,5.578611111111111,1,201707101
2017-07-11,273,GI#3,8,8_Run time,hours,4.805833333333334,1,201707031
2017-07-12,273,GI#3,8,8_Run time,hours,2.6288888888888886,0,201707031
2017-07-12,270,GI#1,8,8_Run time,hours,5.998611111111112,1,201707111
2017-07-12,270,GI#1,8,8_Run time,hours,5.998611111111112,1,201707121
2017-07-13,270,GI#1,8,8_Run time,hours,3.4994444444444444,0,201707122
2017-07-13,273,GI#3,8,8_Run time,hours,0.21027777777777779,0,201707031
2017-07-14,273,GI#3,8,8_Run time,hours,2.3405555555555555,0,201707031
2017-07-17,270,GI#1,8,8_Run time,hours,3.559166666666667,0,201707132
2017-07-18,270,GI#1,8,8_Run time,hours,2.5280555555555555,0,201707171
2017-07-19,270,GI#1,8,8_Run time,hours,1.9452777777777779,0,201707181
2017-07-20,270,GI#1,8,8_Run time,hours,3.428888888888889,0,201707181
2017-07-24,273,GI#3,8,8_Run time,hours,4.651111111111111,1,201707031
2017-07-26,270,GI#1,8,8_Run time,hours,1.0875,0,201707191
2017-07-26,273,GI#3,8,8_Run time,hours,0.08083333333333333,0,201707031
2017-07-27,273,GI#3,8,8_Run time,hours,1.7233333333333334,0,201707031
2017-07-28,273,GI#3,8,8_Run time,hours,5.756666666666666,1,201707031
2017-07-29,273,GI#3,8,8_Run time,hours,0.7786111111111111,0,201707031
2017-07-31,273,GI#3,8,8_Run time,hours,1.722222222222222,0,201707031
2017-08-02,273,GI#3,8,8_Run time,hours,3.218611111111111,0,201707031
2017-08-07,270,GI#1,8,8_Run time,hours,4.510277777777778,1,201708031
2017-08-09,270,GI#1,8,8_Run time,hours,3.6675,0,201708082
2017-08-10,270,GI#1,8,8_Run time,hours,3.3805555555555555,0,201708091
2017-08-11,270,GI#1,8,8_Run time,hours,2.3447222222222224,0,201708091
2017-08-11,273,GI#3,8,8_Run time,hours,0.20055555555555554,0,201708031
2017-08-14,287,GI#4,8,8_Run time,hours,2.2505555555555556,0,201708082
2017-08-15,270,GI#1,8,8_Run time,hours,3.1144444444444446,0,201708091
2017-08-16,270,GI#1,8,8_Run time,hours,3.2580555555555555,0,201708091
2017-08-16,273,GI#3,8,8_Run time,hours,2.8205555555555555,0,201708082
2017-08-17,270,GI#1,8,8_Run time,hours,2.4575,0,201708161
2017-08-17,273,GI#3,8,8_Run time,hours,14.88888888888889,6,201708082
2017-08-18,270,GI#1,8,8_Run time,hours,2.3822222222222225,0,201708171
2017-08-18,273,GI#3,8,8_Run time,hours,5.530833333333334,1,201708082
2017-08-21,270,GI#1,8,8_Run time,hours,0.21583333333333332,0,201708171
2017-08-23,273,GI#3,8,8_Run time,hours,0.22,0,201708082
2017-09-11,270,GI#1,8,8_Run time,hours,1.5794444444444444,0,201708171
2017-09-12,270,GI#1,8,8_Run time,hours,3.491111111111111,0,201709111
2017-09-13,270,GI#1,8,8_Run time,hours,5.358888888888889,1,201709111
2017-09-14,270,GI#1,8,8_Run time,hours,10.953333333333335,4,201709111
2017-09-14,270,GI#1,8,8_Run time,hours,10.953333333333335,4,201709141
2017-09-15,270,GI#1,8,8_Run time,hours,4.126666666666667,1,201709141
2017-09-20,270,GI#1,8,8_Run time,hours,6.481111111111111,2,201709151
2017-09-21,270,GI#1,8,8_Run time,hours,10.911388888888888,4,201709201
2017-09-22,270,GI#1,8,8_Run time,hours,2.381944444444444,0,201709201
2017-09-25,270,GI#1,8,8_Run time,hours,5.756666666666666,1,201709221
2017-09-26,270,GI#1,8,8_Run time,hours,0.01888888888888889,0,201709221
2017-09-27,270,GI#1,8,8_Run time,hours,1.2758333333333334,0,201709221
2017-09-28,270,GI#1,8,8_Run time,hours,1.696388888888889,0,201709221
2017-10-02,270,GI#1,8,8_Run time,hours,3.700277777777778,0,201709221
2017-10-04,270,GI#1,8,8_Run time,hours,2.0119444444444445,0,201710031
2017-10-05,270,GI#1,8,8_Run time,hours,6.1561111111111115,2,201710041
2017-10-06,270,GI#1,8,8_Run time,hours,5.1211111111111105,1,201710051
2017-10-09,270,GI#1,8,8_Run time,hours,9.49,3,201710051
2017-10-10,270,GI#1,8,8_Run time,hours,9.850555555555555,3,201710051
2017-10-12,270,GI#1,8,8_Run time,hours,9.658888888888889,3,201710101
2017-10-16,270,GI#1,8,8_Run time,hours,3.637222222222222,0,201710121
2017-01-25,270,GI#1,9,9_Electricity consumption,Watts,96.00059417706477,10,NA
2017-01-26,270,GI#1,9,9_Electricity consumption,Watts,90.92251082251082,10,201701252
2017-01-26,270,GI#1,9,9_Electricity consumption,Watts,90.92251082251082,10,201701261
2017-01-30,270,GI#1,9,9_Electricity consumption,Watts,114.75,10,201701271
2017-01-31,270,GI#1,9,9_Electricity consumption,Watts,82.06293706293707,10,201701311
2017-02-01,270,GI#1,9,9_Electricity consumption,Watts,91.95808080808081,10,201701312
2017-02-01,270,GI#1,9,9_Electricity consumption,Watts,91.95808080808081,10,201702011
2017-02-01,270,GI#1,9,9_Electricity consumption,Watts,91.95808080808081,10,201702012
2017-02-02,270,GI#1,9,9_Electricity consumption,Watts,102.36713286713287,10,201702014
2017-02-03,270,GI#1,9,9_Electricity consumption,Watts,100.9090909090909,10,201702022
2017-02-08,270,GI#1,9,9_Electricity consumption,Watts,72.5,10,201702031
2017-02-13,270,GI#1,9,9_Electricity consumption,Watts,321.4909090909091,10,NA
2017-02-14,270,GI#1,9,9_Electricity consumption,Watts,134.74675324675326,10,201702131
2017-02-15,270,GI#1,9,9_Electricity consumption,Watts,556.3373917748918,7,201702151
2017-02-16,270,GI#1,9,9_Electricity consumption,Watts,398.3768115942029,9,201702152
2017-02-17,270,GI#1,9,9_Electricity consumption,Watts,478.2391482391482,8,201702162
2017-03-01,270,GI#1,9,9_Electricity consumption,Watts,411,9,201702283
2017-03-06,270,GI#1,9,9_Electricity consumption,Watts,80.55555555555556,10,201703061
2017-03-07,270,GI#1,9,9_Electricity consumption,Watts,85.5,10,201703062
2017-03-08,270,GI#1,9,9_Electricity consumption,Watts,319.40833333333336,10,201703071
2017-03-09,270,GI#1,9,9_Electricity consumption,Watts,344.5888888888889,10,201703071
2017-03-10,270,GI#1,9,9_Electricity consumption,Watts,196.625,10,201703071
2017-03-11,270,GI#1,9,9_Electricity consumption,Watts,319.84343434343435,10,201703071
2017-03-22,270,GI#1,9,9_Electricity consumption,Watts,566.8406565656566,7,201703201
2017-03-23,270,GI#1,9,9_Electricity consumption,Watts,387.3027777777778,9,201703201
2017-04-05,270,GI#1,9,9_Electricity consumption,Watts,306.9966039707419,10,201704052
2017-04-06,270,GI#1,9,9_Electricity consumption,Watts,297.04933954933955,10,201704061
2017-04-07,270,GI#1,9,9_Electricity consumption,Watts,465.5467385721623,8,201704071
2017-04-10,270,GI#1,9,9_Electricity consumption,Watts,485.4297520661157,8,201704071
2017-04-11,270,GI#1,9,9_Electricity consumption,Watts,282.44877344877347,10,201704071
2017-04-12,270,GI#1,9,9_Electricity consumption,Watts,277.7142857142857,10,201704111
2017-04-13,270,GI#1,9,9_Electricity consumption,Watts,205.71428571428572,10,201704121
2017-04-13,270,GI#1,9,9_Electricity consumption,Watts,205.71428571428572,10,201704131
2017-04-17,270,GI#1,9,9_Electricity consumption,Watts,150,10,201704133
2017-04-18,270,GI#1,9,9_Electricity consumption,Watts,289.7348484848485,10,201704171
2017-04-19,270,GI#1,9,9_Electricity consumption,Watts,267.3784090909091,10,201704181
2017-04-20,270,GI#1,9,9_Electricity consumption,Watts,215.92652944539736,10,201704191
2017-04-21,270,GI#1,9,9_Electricity consumption,Watts,243.0681818181818,10,201704201
2017-04-24,270,GI#1,9,9_Electricity consumption,Watts,305.09375,10,201704201
2017-04-25,270,GI#1,9,9_Electricity consumption,Watts,330.52232142857144,10,201704201
2017-04-26,270,GI#1,9,9_Electricity consumption,Watts,344.6189393939394,10,201704201
2017-04-27,270,GI#1,9,9_Electricity consumption,Watts,211,10,201704261
2017-04-27,270,GI#1,9,9_Electricity consumption,Watts,211,10,201704272
2017-04-28,270,GI#1,9,9_Electricity consumption,Watts,403.7485380116959,9,201704273
2017-05-02,270,GI#1,9,9_Electricity consumption,Watts,381.6033950617284,9,201705011
2017-05-04,270,GI#1,9,9_Electricity consumption,Watts,90,10,201705033
2017-05-04,270,GI#1,9,9_Electricity consumption,Watts,90,10,201705041
2017-05-05,270,GI#1,9,9_Electricity consumption,Watts,301.6482323232323,10,201705042
2017-05-08,270,GI#1,9,9_Electricity consumption,Watts,305.49107142857144,10,201705054
2017-05-08,273,GI#3,9,9_Electricity consumption,Watts,54.666666666666664,10,201705081
2017-05-08,273,GI#3,9,9_Electricity consumption,Watts,54.666666666666664,10,201705082
2017-05-09,270,GI#1,9,9_Electricity consumption,Watts,251.37472283813747,10,201705084
2017-05-09,273,GI#3,9,9_Electricity consumption,Watts,44.548737373737374,10,201705083
2017-05-10,273,GI#3,9,9_Electricity consumption,Watts,35.39705882352941,10,201705101
2017-05-10,273,GI#3,9,9_Electricity consumption,Watts,35.39705882352941,10,201705102
2017-05-12,273,GI#3,9,9_Electricity consumption,Watts,68.10782145782146,10,201705104
2017-05-18,273,GI#3,9,9_Electricity consumption,Watts,68.76148760330578,10,201705181
2017-05-19,273,GI#3,9,9_Electricity consumption,Watts,64.8776936026936,10,201705183
2017-05-23,273,GI#3,9,9_Electricity consumption,Watts,68.75507575757575,10,201705223
2017-05-24,273,GI#3,9,9_Electricity consumption,Watts,68.90621212121212,10,201705231
2017-05-30,273,GI#3,9,9_Electricity consumption,Watts,165.93350168350167,10,201705251
2017-06-09,270,GI#1,9,9_Electricity consumption,Watts,242.35064935064935,10,201706081
2017-06-12,270,GI#1,9,9_Electricity consumption,Watts,170.12954545454545,10,201706092
2017-06-13,270,GI#1,9,9_Electricity consumption,Watts,181.8181818181818,10,201706092
2017-06-14,270,GI#1,9,9_Electricity consumption,Watts,95.9504132231405,10,201706131
2017-06-15,270,GI#1,9,9_Electricity consumption,Watts,101.9888888888889,10,201706142
2017-06-21,270,GI#1,9,9_Electricity consumption,Watts,92.22451790633609,10,201706161
2017-06-22,270,GI#1,9,9_Electricity consumption,Watts,94.49090909090908,10,201706211
2017-06-23,270,GI#1,9,9_Electricity consumption,Watts,261.25555555555553,10,201706221
2017-06-26,270,GI#1,9,9_Electricity consumption,Watts,426.48762626262624,9,201706231
2017-06-27,270,GI#1,9,9_Electricity consumption,Watts,424.463768115942,9,201706261
2017-06-30,270,GI#1,9,9_Electricity consumption,Watts,428.47752525252525,9,201706271
2017-07-03,270,GI#1,9,9_Electricity consumption,Watts,434.50757575757575,9,201706271
2017-07-05,270,GI#1,9,9_Electricity consumption,Watts,658.0471911421912,5,201707031
2017-07-06,270,GI#1,9,9_Electricity consumption,Watts,655.3347727272727,5,201707031
2017-07-06,273,GI#3,9,9_Electricity consumption,Watts,123.02941176470588,10,201707031
2017-07-07,270,GI#1,9,9_Electricity consumption,Watts,436.62679131213616,9,201707061
2017-07-07,273,GI#3,9,9_Electricity consumption,Watts,118.95297202797202,10,201707031
2017-07-08,273,GI#3,9,9_Electricity consumption,Watts,125.94772727272728,10,201707031
2017-07-10,270,GI#1,9,9_Electricity consumption,Watts,428.22222222222223,9,201707081
2017-07-11,270,GI#1,9,9_Electricity consumption,Watts,430.9090909090909,9,201707101
2017-07-11,273,GI#3,9,9_Electricity consumption,Watts,89.77863247863247,10,201707031
2017-07-12,270,GI#1,9,9_Electricity consumption,Watts,423.67012987012987,9,201707111
2017-07-12,270,GI#1,9,9_Electricity consumption,Watts,423.67012987012987,9,201707121
2017-07-12,273,GI#3,9,9_Electricity consumption,Watts,107.32546897546898,10,201707031
2017-07-13,270,GI#1,9,9_Electricity consumption,Watts,430.94405594405595,9,201707122
2017-07-13,273,GI#3,9,9_Electricity consumption,Watts,125.63461538461539,10,201707031
2017-07-14,273,GI#3,9,9_Electricity consumption,Watts,97.38333333333334,10,201707031
2017-07-17,270,GI#1,9,9_Electricity consumption,Watts,614.4357575757575,6,201707132
2017-07-18,270,GI#1,9,9_Electricity consumption,Watts,621.3332288401253,6,201707171
2017-07-19,270,GI#1,9,9_Electricity consumption,Watts,622.8636363636364,6,201707181
2017-07-20,270,GI#1,9,9_Electricity consumption,Watts,620.8356984478936,6,201707181
2017-07-24,273,GI#3,9,9_Electricity consumption,Watts,102,10,201707031
2017-07-26,270,GI#1,9,9_Electricity consumption,Watts,625.6909090909091,6,201707191
2017-07-26,273,GI#3,9,9_Electricity consumption,Watts,103.23333333333333,10,201707031
2017-07-27,273,GI#3,9,9_Electricity consumption,Watts,108.84583333333333,10,201707031
2017-07-28,273,GI#3,9,9_Electricity consumption,Watts,105.24181286549708,10,201707031
2017-07-29,273,GI#3,9,9_Electricity consumption,Watts,129,10,201707031
2017-07-31,273,GI#3,9,9_Electricity consumption,Watts,143.4146005509642,10,201707031
2017-08-02,273,GI#3,9,9_Electricity consumption,Watts,116.9800586510264,10,201707031
2017-08-07,270,GI#1,9,9_Electricity consumption,Watts,636.1159259259259,6,201708031
2017-08-09,270,GI#1,9,9_Electricity consumption,Watts,673.1194444444444,5,201708082
2017-08-10,270,GI#1,9,9_Electricity consumption,Watts,690.7333333333333,5,201708091
2017-08-11,270,GI#1,9,9_Electricity consumption,Watts,678.8755555555556,5,201708091
2017-08-11,273,GI#3,9,9_Electricity consumption,Watts,156.5,10,201708031
2017-08-14,287,GI#4,9,9_Electricity consumption,Watts,89.71666666666667,10,201708082
2017-08-15,270,GI#1,9,9_Electricity consumption,Watts,715.5978787878788,5,201708091
2017-08-16,270,GI#1,9,9_Electricity consumption,Watts,698.8,5,201708091
2017-08-16,273,GI#3,9,9_Electricity consumption,Watts,142.36923076923077,10,201708082
2017-08-17,270,GI#1,9,9_Electricity consumption,Watts,690,5,201708161
2017-08-17,273,GI#3,9,9_Electricity consumption,Watts,144.51929292929293,10,201708082
2017-08-18,270,GI#1,9,9_Electricity consumption,Watts,689.2366666666667,5,201708171
2017-08-18,273,GI#3,9,9_Electricity consumption,Watts,131.95636363636365,10,201708082
2017-08-21,270,GI#1,9,9_Electricity consumption,Watts,693.1428571428571,5,201708171
2017-08-23,273,GI#3,9,9_Electricity consumption,Watts,174.1600185528757,10,201708082
2017-09-11,270,GI#1,9,9_Electricity consumption,Watts,138.5,10,201708171
2017-09-12,270,GI#1,9,9_Electricity consumption,Watts,145.02666666666667,10,201709111
2017-09-13,270,GI#1,9,9_Electricity consumption,Watts,120.09375,10,201709111
2017-09-14,270,GI#1,9,9_Electricity consumption,Watts,141.82333333333332,10,201709111
2017-09-14,270,GI#1,9,9_Electricity consumption,Watts,141.82333333333332,10,201709141
2017-09-15,270,GI#1,9,9_Electricity consumption,Watts,160.20194805194805,10,201709141
2017-09-20,270,GI#1,9,9_Electricity consumption,Watts,154.70491582491582,10,201709151
2017-09-21,270,GI#1,9,9_Electricity consumption,Watts,151,10,201709201
2017-09-22,270,GI#1,9,9_Electricity consumption,Watts,826.5361558441558,5,201709201
2017-09-25,270,GI#1,9,9_Electricity consumption,Watts,548.5261331261331,7,201709221
2017-09-26,270,GI#1,9,9_Electricity consumption,Watts,367,10,201709221
2017-09-27,270,GI#1,9,9_Electricity consumption,Watts,378.84318181818185,9,201709221
2017-09-28,270,GI#1,9,9_Electricity consumption,Watts,350.5083333333333,10,201709221
2017-10-02,270,GI#1,9,9_Electricity consumption,Watts,354.22239057239057,10,201709221
2017-10-04,270,GI#1,9,9_Electricity consumption,Watts,379.447821969697,9,201710031
2017-10-05,270,GI#1,9,9_Electricity consumption,Watts,688.3278911564626,5,201710041
2017-10-06,270,GI#1,9,9_Electricity consumption,Watts,642.7603198653198,6,201710051
2017-10-09,270,GI#1,9,9_Electricity consumption,Watts,661.858872053872,5,201710051
2017-10-10,270,GI#1,9,9_Electricity consumption,Watts,685.5681986531987,5,201710051
2017-10-12,270,GI#1,9,9_Electricity consumption,Watts,818.8954437996991,5,201710101
2017-10-16,270,GI#1,9,9_Electricity consumption,Watts,496,8,201710121
2017-10-17,270,GI#1,1,1_Start-up time,minutes,0.07194444444444444,10,201710121
2017-10-17,270,GI#1,2,2_Water temperature,minutes,554.3,0,201710121
2017-10-17,270,GI#1,3,3_Gas temperature,minutes,21.483333333333334,8,201710121
2017-10-17,270,GI#1,5,5_Thermal output,kW/hr,35.51390325182749,5,201710121
2017-10-17,270,GI#1,6,6_Thermal efficiency,%,56.7350289434894,5,201710121
2017-10-17,270,GI#1,8,8_Run time,hours,0.13744907407407408,0,201710121
2017-10-17,270,GI#1,9,9_Electricity consumption,Watts,387.9431818181818,9,201710121
